"test_id","order","word","response","subj_id","wp_location","error_code"
"pw",162,"arbi","arbi","se066nwr1e",NA,"CR"
"pw",163,"flache","flaS","se066nwr1e",NA,"CR"
"pw",164,"noveau","nuvo","se066nwr1e",NA,"bvod"
"pw",165,"pocile","poli","se066nwr1e",NA,"com_vlp"
"pw",166,"trapide","trapid","se066nwr1e",NA,"CR"
"pw",167,"lagne","laN","se066nwr1e",NA,"CR"
"pw",168,"géont","Ze§","se066nwr1e",NA,"CR"
"pw",169,"klapin","klap5","se066nwr1e",NA,"CR"
"pw",170,"pourte","purt","se066nwr1e",NA,"CR"
"pw",171,"blacon","blas§","se066nwr1e",NA,"sml"
"pw",172,"hatiberai","atib*rE","se066nwr1e",NA,"CR"
"pw",173,"voclan","vosl@","se066nwr1e",NA,"sml"
"pw",174,"pormis","pormi","se066nwr1e",NA,"CR"
"pw",175,"anical","@isa","se066nwr1e",NA,"sml_adom"
"pw",176,"spil","spil","se066nwr1e",NA,"CR"
"pw",177,"catron","katr§","se066nwr1e",NA,"CR"
"pw",178,"gruse","grys","se066nwr1e",NA,"sml"
"pw",179,"matreau","matro","se066nwr1e",NA,"CR"
"pw",180,"corque","kork","se066nwr1e",NA,"CR"
"pw",181,"dummage","dymaZ","se066nwr1e",NA,"CR"
"pw",182,"éballon","ebal§","se066nwr1e",NA,"CR"
"pw",183,"troche","torS","se066nwr1e",NA,"vlp"
"pw",184,"glabe","glab","se066nwr1e",NA,"CR"
"pw",185,"batiller","bate","se066nwr1e",NA,"vom_com"
"pw",186,"truche","tryS","se066nwr1e",NA,"CR"
"pw",187,"ovile","ovil","se066nwr1e",NA,"CR"
"pw",188,"proc","por","se066nwr1e",NA,"vlp"
"pw",189,"scolle","skol","se066nwr1e",NA,"CR"
"pw",190,"fotre","fotr*","se066nwr1e",NA,"CR"
"pw",191,"pulbic","pylblik","se066nwr1e",NA,"bod"
"pw",192,"gaise","ZEs","se066nwr1e",NA,"sml"
"pw",193,"reprati","r*prEti","se066nwr1e",NA,"bvod/vod/vad"
"pw",194,"mantou","m@tu","se066nwr1e",NA,"CR"
"pw",195,"quafilie","kafilir","se066nwr1e",NA,"cad"
"pw",196,"socrier","sorsiEr","se066nwr1e",NA,"clp_bod"
"pw",197,"moigre","mwaZir","se066nwr1e",NA,"sml_bvod"
"pw",198,"ibole","1bol","se066nwr1e",NA,"0"
"pw",199,"virtail","virtEl","se066nwr1e",NA,"sml"
"pw",200,"miatre","miatr*","se066nwr1e",NA,"CR"
"pw",201,"rabio","radio","se066nwr1e",NA,"sim"
